dataset_index,asin,overall,review_excerpt,review_text,selection_reason,prompt,generated_response,model_name
287943,B00INXG9MY,3.0,Works fine just a small flaw. The window in the lid has a crack in it. Do I need to send it back to get it fixed or can it be replaced locally?,Works fine just a small flaw. The window in the lid has a crack in it. Do I need to send it back to get it fixed or can it be replaced locally?,contains a question mark; contains the phrase 'can i'; heuristic question score = 11,"You write short customer service replies for appliance reviews.

Example review:
The handle arrived cracked. Should I return it or can I replace just the handle?

Example response:
Thank you for letting us know about the cracked handle. Please contact the seller or check the product warranty to see whether a replacement part or return is available for your order.

Now write one polite, helpful, concise response for this review. Acknowledge the issue and suggest a safe next step. Do not make guarantees.

Review:
Works fine just a small flaw. The window in the lid has a crack in it. Do I need to send it back to get it fixed or can it be replaced locally?

Response:","Thank you for reaching out with your feedback. We appreciate your prompt communication regarding the issue with the appliance. For now, we will proceed with shipping the product as instructed. However, if there's any further concern or if you have additional questions, please don't hesitate to reach out again.",Qwen/Qwen2.5-0.5B-Instruct
